{"serge":[{"mu":21.1884334885,"sigma":6.80606831693}],"francois":[{"mu":15.675791405,"sigma":5.53983569697}],"clement":[{"mu":17.0791257938,"sigma":5.95292669597}],"louis":[{"mu":17.0791257938,"sigma":5.95292669597}],"adrien":[{"mu":22.3640037443,"sigma":5.76680487639}],"cosimo":[{"mu":13.2599312031,"sigma":5.398165012}],"cyril":[{"mu":19.10632519,"sigma":5.90743969824}],"romain":[{"mu":25.9041921086,"sigma":5.49765120507}]}