{"adrien":{"mu":21.6873865428,"sigma":7.397845937},"alan":{"mu":18,"sigma":8},"cyril":{"mu":18,"sigma":8},"martin":{"mu":18,"sigma":8},"reda":{"mu":18,"sigma":8},"tierry":{"mu":18,"sigma":8},"clement":{"mu":22.2365211569,"sigma":7.14050364162},"louis":{"mu":22.2365211569,"sigma":7.14050364162},"francois":{"mu":13.7634788431,"sigma":7.14050364162},"serge":{"mu":18,"sigma":8},"ALN":{"mu":18,"sigma":8},"cosimo":{"mu":17.6046689361,"sigma":6.99269340499},"denis":{"mu":18,"sigma":8},"nicolas":{"mu":15.1691934925,"sigma":7.48287906732},"bertrand":{"mu":13.7634788431,"sigma":7.14050364162},"laurent":{"mu":18,"sigma":8},"romain":{"mu":17.6046689361,"sigma":6.99269340499},"lol":{"mu":21.6873865428,"sigma":7.397845937},"vasyl":{"mu":18,"sigma":8},"igor":{"mu":15.1691934925,"sigma":7.48287906732},"benjamin":{"mu":18,"sigma":8},"sigbjorn":{"mu":18,"sigma":8}}