{"adrien":{"mu":25.3662063749,"sigma":5.38592521236},"alan":{"mu":21.8646957286,"sigma":7.38617679104},"cyril":{"mu":15.9559388496,"sigma":5.49723667587},"martin":{"mu":18,"sigma":8},"hippolyte":{"mu":16.6663490509,"sigma":6.878474266},"reda":{"mu":21.8646957286,"sigma":7.38617679104},"tierry":{"mu":18,"sigma":8},"clement":{"mu":15.4327125977,"sigma":5.65748292822},"louis":{"mu":15.4327125977,"sigma":5.65748292822},"francois":{"mu":17.101677062,"sigma":5.30270378881},"serge":{"mu":23.3404736984,"sigma":6.36058173009},"ALN":{"mu":18,"sigma":8},"cosimo":{"mu":15.890651075,"sigma":5.08725284487},"denis":{"mu":18,"sigma":8},"nicolas":{"mu":10.7609908511,"sigma":6.57226653357},"bertrand":{"mu":14.9855121063,"sigma":6.05882812072},"laurent":{"mu":18,"sigma":8},"romain":{"mu":23.1756356281,"sigma":5.16881101154},"lol":{"mu":21.9790586721,"sigma":6.50845722853},"vasyl":{"mu":14.1353042714,"sigma":7.38617679104},"igor":{"mu":13.1673878026,"sigma":7.07019119394},"benjamin":{"mu":16.3066167861,"sigma":7.50975344334},"sigbjorn":{"mu":18,"sigma":8},"olivier":{"mu":21.7008135562,"sigma":7.36326011064}}