{"adrien":{"mu":23.2458037799,"sigma":5.58884851198},"alan":{"mu":23.3111462899,"sigma":7.00759943466},"cyril":{"mu":19.10632519,"sigma":5.90743969824},"martin":{"mu":16.303179062,"sigma":7.51655144042},"hippolyte":{"mu":16.6663490509,"sigma":6.878474266},"reda":{"mu":21.8646957286,"sigma":7.38617679104},"tierry":{"mu":20.9289603874,"sigma":7.30280171684},"clement":{"mu":14.5840215128,"sigma":5.48960070318},"louis":{"mu":13.96774802,"sigma":5.41694413654},"francois":{"mu":17.101677062,"sigma":5.30270378881},"serge":{"mu":23.3404736984,"sigma":6.36058173009},"ALN":{"mu":18,"sigma":8},"cosimo":{"mu":13.2599312031,"sigma":5.398165012},"denis":{"mu":18,"sigma":8},"nicolas":{"mu":10.7609908511,"sigma":6.57226653357},"bertrand":{"mu":14.9855121063,"sigma":6.05882812072},"laurent":{"mu":18,"sigma":8},"romain":{"mu":25.9041921086,"sigma":5.49765120507},"lol":{"mu":21.9790586721,"sigma":6.50845722853},"vasyl":{"mu":14.1353042714,"sigma":7.38617679104},"igor":{"mu":13.1673878026,"sigma":7.07019119394},"benjamin":{"mu":16.3066167861,"sigma":7.50975344334},"sigbjorn":{"mu":18,"sigma":8},"olivier":{"mu":21.7008135562,"sigma":7.36326011064}}