{"adrien":{"mu":21.2964375546,"sigma":6.0053435518},"alan":{"mu":18,"sigma":8},"cyril":{"mu":22.2597559197,"sigma":6.56055297},"martin":{"mu":18,"sigma":8},"hippolyte":{"mu":16.6663490509,"sigma":6.878474266},"reda":{"mu":18,"sigma":8},"tierry":{"mu":18,"sigma":8},"clement":{"mu":20.6674528195,"sigma":6.38430197402},"louis":{"mu":20.6674528195,"sigma":6.38430197402},"francois":{"mu":12.6383125304,"sigma":5.8737754029},"serge":{"mu":16.2070893613,"sigma":7.52230660647},"ALN":{"mu":18,"sigma":8},"cosimo":{"mu":12.744305725,"sigma":5.8709445936},"denis":{"mu":18,"sigma":8},"nicolas":{"mu":13.1673878026,"sigma":7.07019119394},"bertrand":{"mu":14.9855121063,"sigma":6.05882812072},"laurent":{"mu":18,"sigma":8},"romain":{"mu":23.2384918022,"sigma":6.0018812373},"lol":{"mu":24.8521101042,"sigma":6.89756657658},"vasyl":{"mu":18,"sigma":8},"igor":{"mu":13.1673878026,"sigma":7.07019119394},"benjamin":{"mu":16.3066167861,"sigma":7.50975344334},"sigbjorn":{"mu":18,"sigma":8},"olivier":{"mu":21.7008135562,"sigma":7.36326011064}}