{"adrien":{"mu":20.2680581449,"sigma":6.23410067045},"alan":{"mu":18,"sigma":8},"cyril":{"mu":22.2597559197,"sigma":6.56055297},"martin":{"mu":18,"sigma":8},"hippolyte":{"mu":16.6663490509,"sigma":6.878474266},"reda":{"mu":18,"sigma":8},"tierry":{"mu":18,"sigma":8},"clement":{"mu":20.6674528195,"sigma":6.38430197402},"louis":{"mu":20.6674528195,"sigma":6.38430197402},"francois":{"mu":13.6185538961,"sigma":6.08641739533},"serge":{"mu":16.2070893613,"sigma":7.52230660647},"ALN":{"mu":18,"sigma":8},"cosimo":{"mu":12.744305725,"sigma":5.8709445936},"denis":{"mu":18,"sigma":8},"nicolas":{"mu":13.1673878026,"sigma":7.07019119394},"bertrand":{"mu":14.9855121063,"sigma":6.05882812072},"laurent":{"mu":18,"sigma":8},"romain":{"mu":22.2113977653,"sigma":6.23020275017},"lol":{"mu":24.8521101042,"sigma":6.89756657658},"vasyl":{"mu":18,"sigma":8},"igor":{"mu":13.1673878026,"sigma":7.07019119394},"benjamin":{"mu":18,"sigma":8},"sigbjorn":{"mu":18,"sigma":8},"olivier":{"mu":21.7008135562,"sigma":7.36326011064}}