{"adrien":{"mu":22.3640037443,"sigma":5.76680487639},"alan":{"mu":21.8646957286,"sigma":7.38617679104},"cyril":{"mu":20.9857060266,"sigma":6.24807827157},"martin":{"mu":18,"sigma":8},"hippolyte":{"mu":16.6663490509,"sigma":6.878474266},"reda":{"mu":21.8646957286,"sigma":7.38617679104},"tierry":{"mu":18,"sigma":8},"clement":{"mu":17.0791257938,"sigma":5.95292669597},"louis":{"mu":17.0791257938,"sigma":5.95292669597},"francois":{"mu":15.675791405,"sigma":5.53983569697},"serge":{"mu":21.1884334885,"sigma":6.80606831693},"ALN":{"mu":18,"sigma":8},"cosimo":{"mu":11.7239797765,"sigma":5.64831837196},"denis":{"mu":18,"sigma":8},"nicolas":{"mu":13.1673878026,"sigma":7.07019119394},"bertrand":{"mu":14.9855121063,"sigma":6.05882812072},"laurent":{"mu":18,"sigma":8},"romain":{"mu":24.3048275966,"sigma":5.76376186133},"lol":{"mu":21.9790586721,"sigma":6.50845722853},"vasyl":{"mu":14.1353042714,"sigma":7.38617679104},"igor":{"mu":13.1673878026,"sigma":7.07019119394},"benjamin":{"mu":16.3066167861,"sigma":7.50975344334},"sigbjorn":{"mu":18,"sigma":8},"olivier":{"mu":21.7008135562,"sigma":7.36326011064}}